[
{
  "fields": {
    "status": "closed",
    "name": "accident1",
    "description": "",
    "longitude": "103.68313469999998",
    "contact": "1",
    "location": "Nanyang Technological University Singapore",
    "time": "2015-11-08T14:49:00Z",
    "latitude": "1.3483099",
    "contact_name": "Unknown",
    "type": "accident",
    "severity": 5
  },
  "model": "incident.incident",
  "pk": 230
},
{
  "fields": {
    "status": "closed",
    "name": "riot",
    "description": "",
    "longitude": "103.85430810000003",
    "contact": "1",
    "location": "National Library, Singapore Singapore",
    "time": "2015-11-08T14:57:00Z",
    "latitude": "1.2975884",
    "contact_name": "Unknown",
    "type": "riot",
    "severity": 3
  },
  "model": "incident.incident",
  "pk": 231
},
{
  "fields": {
    "status": "closed",
    "name": "fire",
    "description": "",
    "longitude": "103.95790799999997",
    "contact": "1",
    "location": "Pulau Ubin Singapore",
    "time": "2015-11-08T14:57:00Z",
    "latitude": "1.4125924",
    "contact_name": "Unknown",
    "type": "fire",
    "severity": 4
  },
  "model": "incident.incident",
  "pk": 232
},
{
  "fields": {
    "status": "closed",
    "name": "burning in my heart",
    "description": "fjdlskafalwsd,fn",
    "longitude": "103.844109",
    "contact": "0",
    "location": "Heart Media Pte Ltd Singapore",
    "time": "2015-11-08T15:33:00Z",
    "latitude": "1.296883",
    "contact_name": "Unknown",
    "type": "fire",
    "severity": 5
  },
  "model": "incident.incident",
  "pk": 233
},
{
  "fields": {
    "status": "closed",
    "name": "fdslff",
    "description": "111",
    "longitude": "103.92253519999997",
    "contact": "1",
    "location": "ECP Singapore",
    "time": "2015-11-08T15:41:00Z",
    "latitude": "1.3050191",
    "contact_name": "Unknown",
    "type": "riot",
    "severity": 5
  },
  "model": "incident.incident",
  "pk": 234
},
{
  "fields": {
    "status": "closed",
    "name": "Fire",
    "description": "Fire",
    "longitude": "103.68066706770628",
    "contact": "333",
    "location": "Nanyang Technological University Singapore",
    "time": "2015-11-08T19:32:00Z",
    "latitude": "1.346529405674427",
    "contact_name": "Unknown",
    "type": "fire",
    "severity": 2
  },
  "model": "incident.incident",
  "pk": 235
},
{
  "fields": {
    "status": "closed",
    "name": "hahah",
    "description": "sdsdsad",
    "longitude": "103.85233199999993",
    "contact": "sdsd",
    "location": "City Hall MRT Singapore",
    "time": "2015-11-08T19:35:00Z",
    "latitude": "1.2924789",
    "contact_name": "Unknown",
    "type": "accident",
    "severity": 3
  },
  "model": "incident.incident",
  "pk": 236
},
{
  "fields": {
    "status": "closed",
    "name": "Gas",
    "description": "sdsds",
    "longitude": "103.82077930000003",
    "contact": "dsdsd",
    "location": "Harbourfront Walk Singapore",
    "time": "2015-11-08T19:35:00Z",
    "latitude": "1.26463",
    "contact_name": "Unknown",
    "type": "gas_leak",
    "severity": 3
  },
  "model": "incident.incident",
  "pk": 237
},
{
  "fields": {
    "status": "closed",
    "name": "little india",
    "description": "sdasds",
    "longitude": "103.85098370000003",
    "contact": "dsd",
    "location": "Little India Arcade Upper Dickson Road Singapore",
    "time": "2015-11-08T19:35:00Z",
    "latitude": "1.3065731",
    "contact_name": "Unknown",
    "type": "riot",
    "severity": 3
  },
  "model": "incident.incident",
  "pk": 238
},
{
  "fields": {
    "status": "closed",
    "name": "Indian",
    "description": "hahahah",
    "longitude": "103.85300443917845",
    "contact": "9999999",
    "location": "Little India Singapore",
    "time": "2015-11-09T01:30:00Z",
    "latitude": "1.30819317949613",
    "contact_name": "Unknown",
    "type": "riot",
    "severity": 5
  },
  "model": "incident.incident",
  "pk": 239
},
{
  "fields": {
    "status": "closed",
    "name": "event1",
    "description": "",
    "longitude": "103.75342490000003",
    "contact": "66666666",
    "location": "Singapore 650215",
    "time": "2015-11-09T11:34:00Z",
    "latitude": "1.346822",
    "contact_name": "Unknown",
    "type": "gas_leak",
    "severity": 1
  },
  "model": "incident.incident",
  "pk": 240
},
{
  "fields": {
    "status": "closed",
    "name": "sdasdsada",
    "description": "fdfsfsfsfs",
    "longitude": "103.84894259999999",
    "contact": "fdfdfdf",
    "location": "Nanyang Language School Singapore",
    "time": "2015-11-09T13:00:00Z",
    "latitude": "1.3015093",
    "contact_name": "Unknown",
    "type": "accident",
    "severity": 3
  },
  "model": "incident.incident",
  "pk": 241
},
{
  "fields": {
    "status": "closed",
    "name": "dsdsd",
    "description": "dasfdsgf",
    "longitude": "103.68006625288695",
    "contact": "sdsdsds",
    "location": "Nanyang Technological University Singapore",
    "time": "2015-11-10T08:32:00Z",
    "latitude": "1.3488890966686353",
    "contact_name": "Unknown",
    "type": "gas_leak",
    "severity": 4
  },
  "model": "incident.incident",
  "pk": 242
},
{
  "fields": {
    "status": "approved",
    "name": "Fire in NTU Chemistry Lab",
    "description": "The fire is very fierce!",
    "longitude": "103.681697035968",
    "contact": "+6584393467",
    "location": "Nanyang Technological University Singapore",
    "time": "2015-11-11T12:54:00Z",
    "latitude": "1.3435905146060658",
    "contact_name": "Unknown",
    "type": "fire",
    "severity": 2
  },
  "model": "incident.incident",
  "pk": 243
},
{
  "fields": {
    "status": "approved",
    "name": "zhou",
    "description": "dd",
    "longitude": "103.84603889999994",
    "contact": "da",
    "location": "Dhoby Ghaut Singapore",
    "time": "2015-11-11T13:45:00Z",
    "latitude": "1.298745",
    "contact_name": "Unknown",
    "type": "accident",
    "severity": 5
  },
  "model": "incident.incident",
  "pk": 244
},
{
  "fields": {
    "description": "fadsfd",
    "agency": 6,
    "updated_severity": 5,
    "incident": 230,
    "time": "2015-11-08T14:56:00Z",
    "photo_url": "http://128.199.130.155:8000/site_media/media/inci_update_photos/photo_bKh3XwE.jpg",
    "is_approved": true
  },
  "model": "incident.inciupdate",
  "pk": 64
},
{
  "fields": {
    "description": "hahaha",
    "agency": 2,
    "updated_severity": 3,
    "incident": 231,
    "time": "2015-11-08T15:11:47Z",
    "photo_url": "",
    "is_approved": true
  },
  "model": "incident.inciupdate",
  "pk": 65
},
{
  "fields": {
    "description": "123",
    "agency": 2,
    "updated_severity": 4,
    "incident": 231,
    "time": "2015-11-08T15:12:00Z",
    "photo_url": "http://128.199.130.155:8000/site_media/media/inci_update_photos/photo_QmFsftF.jpg",
    "is_approved": true
  },
  "model": "incident.inciupdate",
  "pk": 66
},
{
  "fields": {
    "description": "rew",
    "agency": 2,
    "updated_severity": 4,
    "incident": 231,
    "time": "2015-11-08T15:12:00Z",
    "photo_url": "http://128.199.130.155:8000/site_media/media/inci_update_photos/Photo_on_15-10-15_at_10.34_PM_hIXqKzJ.jpg",
    "is_approved": true
  },
  "model": "incident.inciupdate",
  "pk": 67
},
{
  "fields": {
    "description": "fsd",
    "agency": 2,
    "updated_severity": 4,
    "incident": 231,
    "time": "2015-11-08T15:13:00Z",
    "photo_url": "http://128.199.130.155:8000/site_media/media/inci_update_photos/Photo_on_4-10-15_at_12.38_PM_5.jpg",
    "is_approved": true
  },
  "model": "incident.inciupdate",
  "pk": 68
},
{
  "fields": {
    "description": "hahaha",
    "agency": 2,
    "updated_severity": 3,
    "incident": 231,
    "time": "2015-11-08T15:13:40Z",
    "photo_url": "",
    "is_approved": true
  },
  "model": "incident.inciupdate",
  "pk": 69
},
{
  "fields": {
    "description": "hahaha",
    "agency": 2,
    "updated_severity": 3,
    "incident": 231,
    "time": "2015-11-08T15:45:50Z",
    "photo_url": "",
    "is_approved": true
  },
  "model": "incident.inciupdate",
  "pk": 74
},
{
  "fields": {
    "description": "wan shang hao",
    "agency": 2,
    "updated_severity": 1,
    "incident": 231,
    "time": "2015-11-08T16:15:52Z",
    "photo_url": "",
    "is_approved": true
  },
  "model": "incident.inciupdate",
  "pk": 75
},
{
  "fields": {
    "description": "hahaha",
    "agency": 2,
    "updated_severity": 3,
    "incident": 231,
    "time": "2015-11-08T16:49:03Z",
    "photo_url": "",
    "is_approved": true
  },
  "model": "incident.inciupdate",
  "pk": 80
},
{
  "fields": {
    "description": "hahaha",
    "agency": 2,
    "updated_severity": 3,
    "incident": 231,
    "time": "2015-11-08T16:49:27Z",
    "photo_url": "",
    "is_approved": true
  },
  "model": "incident.inciupdate",
  "pk": 82
},
{
  "fields": {
    "description": "hahaha",
    "agency": 2,
    "updated_severity": 3,
    "incident": 231,
    "time": "2015-11-08T16:49:59Z",
    "photo_url": "",
    "is_approved": true
  },
  "model": "incident.inciupdate",
  "pk": 83
},
{
  "fields": {
    "description": "hahaha",
    "agency": 2,
    "updated_severity": 3,
    "incident": 231,
    "time": "2015-11-08T16:52:24Z",
    "photo_url": "",
    "is_approved": true
  },
  "model": "incident.inciupdate",
  "pk": 85
},
{
  "fields": {
    "description": "hahaha",
    "agency": 2,
    "updated_severity": 3,
    "incident": 231,
    "time": "2015-11-08T16:57:49Z",
    "photo_url": "",
    "is_approved": true
  },
  "model": "incident.inciupdate",
  "pk": 86
},
{
  "fields": {
    "description": "hahaha",
    "agency": 2,
    "updated_severity": 3,
    "incident": 231,
    "time": "2015-11-08T16:59:35Z",
    "photo_url": "",
    "is_approved": true
  },
  "model": "incident.inciupdate",
  "pk": 87
},
{
  "fields": {
    "description": "h",
    "agency": 2,
    "updated_severity": 4,
    "incident": 231,
    "time": "2015-11-09T01:30:00Z",
    "photo_url": "http://128.199.130.155:8000/site_media/media/inci_update_photos/%E5%A4%B4%E5%83%8F_jj1pllH.png",
    "is_approved": true
  },
  "model": "incident.inciupdate",
  "pk": 89
},
{
  "fields": {
    "description": "shaaaa",
    "agency": 2,
    "updated_severity": 5,
    "incident": 231,
    "time": "2015-11-09T01:30:00Z",
    "photo_url": "",
    "is_approved": true
  },
  "model": "incident.inciupdate",
  "pk": 90
},
{
  "fields": {
    "description": "Update through NTU Email",
    "agency": 5,
    "updated_severity": 5,
    "incident": 239,
    "time": "2015-11-09T01:30:00Z",
    "photo_url": "",
    "is_approved": true
  },
  "model": "incident.inciupdate",
  "pk": 91
},
{
  "fields": {
    "description": "wan shang hao",
    "agency": 3,
    "updated_severity": 1,
    "incident": 240,
    "time": "2015-11-09T11:41:29Z",
    "photo_url": "",
    "is_approved": true
  },
  "model": "incident.inciupdate",
  "pk": 93
},
{
  "fields": {
    "description": "hahaha",
    "agency": 2,
    "updated_severity": 3,
    "incident": 231,
    "time": "2015-11-09T12:48:08Z",
    "photo_url": "",
    "is_approved": true
  },
  "model": "incident.inciupdate",
  "pk": 94
},
{
  "fields": {
    "description": "hahaha",
    "agency": 2,
    "updated_severity": 3,
    "incident": 231,
    "time": "2015-11-09T12:50:19Z",
    "photo_url": "",
    "is_approved": true
  },
  "model": "incident.inciupdate",
  "pk": 95
},
{
  "fields": {
    "description": "hahaha",
    "agency": 2,
    "updated_severity": 3,
    "incident": 231,
    "time": "2015-11-09T12:50:31Z",
    "photo_url": "",
    "is_approved": true
  },
  "model": "incident.inciupdate",
  "pk": 96
},
{
  "fields": {
    "description": "finally settled",
    "agency": 2,
    "updated_severity": 2,
    "incident": 243,
    "time": "2015-11-11T13:06:00Z",
    "photo_url": "",
    "is_approved": true
  },
  "model": "incident.inciupdate",
  "pk": 98
},
{
  "fields": {
    "description": "fjwqm;lw",
    "agency": 2,
    "updated_severity": 3,
    "incident": 243,
    "time": "2015-11-11T13:07:00Z",
    "photo_url": "",
    "is_approved": false
  },
  "model": "incident.inciupdate",
  "pk": 99
},
{
  "fields": {
    "description": "Update",
    "agency": 1,
    "updated_severity": 4,
    "incident": 244,
    "time": "2015-11-11T13:47:00Z",
    "photo_url": "",
    "is_approved": false
  },
  "model": "incident.inciupdate",
  "pk": 100
},
{
  "fields": {
    "incident": 230,
    "agency": 6,
    "resource": "Police",
    "is_approved": true,
    "time": "2015-11-08T14:51:46Z"
  },
  "model": "incident.dispatch",
  "pk": 136
},
{
  "fields": {
    "incident": 234,
    "agency": 1,
    "resource": "Rescue and Evacuation",
    "is_approved": true,
    "time": "2015-11-08T15:41:54Z"
  },
  "model": "incident.dispatch",
  "pk": 139
},
{
  "fields": {
    "incident": 236,
    "agency": 1,
    "resource": "Police",
    "is_approved": true,
    "time": "2015-11-08T19:35:51Z"
  },
  "model": "incident.dispatch",
  "pk": 140
},
{
  "fields": {
    "incident": 235,
    "agency": 2,
    "resource": "Fire Engine, Emergency Ambulance",
    "is_approved": true,
    "time": "2015-11-08T19:36:02Z"
  },
  "model": "incident.dispatch",
  "pk": 141
},
{
  "fields": {
    "incident": 238,
    "agency": 4,
    "resource": "Rescue and Evacuation",
    "is_approved": true,
    "time": "2015-11-08T19:36:10Z"
  },
  "model": "incident.dispatch",
  "pk": 142
},
{
  "fields": {
    "incident": 237,
    "agency": 4,
    "resource": "Gas Leak Control",
    "is_approved": true,
    "time": "2015-11-08T19:36:19Z"
  },
  "model": "incident.dispatch",
  "pk": 143
},
{
  "fields": {
    "incident": 239,
    "agency": 5,
    "resource": "Rescue and Evacuation",
    "is_approved": true,
    "time": "2015-11-09T01:37:45Z"
  },
  "model": "incident.dispatch",
  "pk": 144
},
{
  "fields": {
    "incident": 240,
    "agency": 3,
    "resource": "Gas Leak Control",
    "is_approved": true,
    "time": "2015-11-09T11:36:07Z"
  },
  "model": "incident.dispatch",
  "pk": 145
},
{
  "fields": {
    "incident": 243,
    "agency": 2,
    "resource": "Fire Engine, Emergency Ambulance",
    "is_approved": true,
    "time": "2015-11-11T12:56:31Z"
  },
  "model": "incident.dispatch",
  "pk": 149
},
{
  "fields": {
    "incident": 244,
    "agency": 1,
    "resource": "Police",
    "is_approved": true,
    "time": "2015-11-11T13:43:09Z"
  },
  "model": "incident.dispatch",
  "pk": 150
},
{
  "fields": {
    "photo": "inci_update_photos/steve-jobs2.jpg"
  },
  "model": "incident.inciupdatephoto",
  "pk": 1
},
{
  "fields": {
    "photo": "inci_update_photos/steve-jobs_FFojQTG.jpg"
  },
  "model": "incident.inciupdatephoto",
  "pk": 2
},
{
  "fields": {
    "photo": "inci_update_photos/steve-jobs2_HW5BMFf.jpg"
  },
  "model": "incident.inciupdatephoto",
  "pk": 3
},
{
  "fields": {
    "photo": "inci_update_photos/steve-jobs2_dXfEvxg.jpg"
  },
  "model": "incident.inciupdatephoto",
  "pk": 4
},
{
  "fields": {
    "photo": "inci_update_photos/apple.jpg"
  },
  "model": "incident.inciupdatephoto",
  "pk": 5
},
{
  "fields": {
    "photo": "inci_update_photos/apple2.jpg"
  },
  "model": "incident.inciupdatephoto",
  "pk": 6
},
{
  "fields": {
    "photo": "inci_update_photos/apple2_qZKZph6.jpg"
  },
  "model": "incident.inciupdatephoto",
  "pk": 7
},
{
  "fields": {
    "photo": "inci_update_photos/apple2_h3NHiIy.jpg"
  },
  "model": "incident.inciupdatephoto",
  "pk": 8
},
{
  "fields": {
    "photo": "inci_update_photos/242dd42a2834349b23d86facc9ea15ce36d3be38.jpg"
  },
  "model": "incident.inciupdatephoto",
  "pk": 9
},
{
  "fields": {
    "photo": "inci_update_photos/photo.jpg"
  },
  "model": "incident.inciupdatephoto",
  "pk": 10
},
{
  "fields": {
    "photo": "inci_update_photos/242dd42a2834349b23d86facc9ea15ce36d3be381.jpg"
  },
  "model": "incident.inciupdatephoto",
  "pk": 11
},
{
  "fields": {
    "photo": "inci_update_photos/apple_S2SGLCh.jpg"
  },
  "model": "incident.inciupdatephoto",
  "pk": 12
},
{
  "fields": {
    "photo": "inci_update_photos/4365.ttf"
  },
  "model": "incident.inciupdatephoto",
  "pk": 13
},
{
  "fields": {
    "photo": "inci_update_photos/242dd42a2834349b23d86facc9ea15ce36d3be381.jpg"
  },
  "model": "incident.inciupdatephoto",
  "pk": 14
},
{
  "fields": {
    "photo": "inci_update_photos/photo.jpg"
  },
  "model": "incident.inciupdatephoto",
  "pk": 15
},
{
  "fields": {
    "photo": "inci_update_photos/photo_aKM6oli.jpg"
  },
  "model": "incident.inciupdatephoto",
  "pk": 16
},
{
  "fields": {
    "photo": "inci_update_photos/photo_ZRp2nCK.jpg"
  },
  "model": "incident.inciupdatephoto",
  "pk": 17
},
{
  "fields": {
    "photo": "inci_update_photos/photo_VUcWbKS.jpg"
  },
  "model": "incident.inciupdatephoto",
  "pk": 18
},
{
  "fields": {
    "photo": "inci_update_photos/DSC_0931.JPG"
  },
  "model": "incident.inciupdatephoto",
  "pk": 19
},
{
  "fields": {
    "photo": "inci_update_photos/??.png"
  },
  "model": "incident.inciupdatephoto",
  "pk": 20
},
{
  "fields": {
    "photo": "inci_update_photos/Photo_on_15-10-15_at_10.34_PM.jpg"
  },
  "model": "incident.inciupdatephoto",
  "pk": 21
},
{
  "fields": {
    "photo": "inci_update_photos/??_TH0TQUp.png"
  },
  "model": "incident.inciupdatephoto",
  "pk": 22
},
{
  "fields": {
    "photo": "inci_update_photos/photo_u7YgWsj.jpg"
  },
  "model": "incident.inciupdatephoto",
  "pk": 23
},
{
  "fields": {
    "photo": "inci_update_photos/photo_bKh3XwE.jpg"
  },
  "model": "incident.inciupdatephoto",
  "pk": 24
},
{
  "fields": {
    "photo": "inci_update_photos/photo_KvRa9oW.jpg"
  },
  "model": "incident.inciupdatephoto",
  "pk": 25
},
{
  "fields": {
    "photo": "inci_update_photos/photo_QmFsftF.jpg"
  },
  "model": "incident.inciupdatephoto",
  "pk": 26
},
{
  "fields": {
    "photo": "inci_update_photos/Photo_on_15-10-15_at_10.34_PM_hIXqKzJ.jpg"
  },
  "model": "incident.inciupdatephoto",
  "pk": 27
},
{
  "fields": {
    "photo": "inci_update_photos/Photo_on_4-10-15_at_12.38_PM_5.jpg"
  },
  "model": "incident.inciupdatephoto",
  "pk": 28
},
{
  "fields": {
    "photo": "inci_update_photos/??_jj1pllH.png"
  },
  "model": "incident.inciupdatephoto",
  "pk": 29
}
]
